Nombre,Compositor,Artista/Banda,URL,Año
"Tú, sólo tú",Felipe Valdés Leal,Pedro Infante,https://www.letras.com/pedro-infante/1845576/,1950
La múcura,Antonio Fuentes,Los Panchos,https://www.letras.com/trio-los-panchos/872309/,1950
Pobre corazón,Chucho Monge,Pedro Infante,https://www.cancioneros.com/letras/cancion/1870378/pobre-corazon-pedro-infante,1950
Qué rico mambo,Dámaso Pérez Prado,Dámaso Pérez Prado,https://genius.com/Perez-prado-que-rico-el-mambo-lyrics,1950
Viajera,Luis Arcaraz,Luis Arcaraz,https://www.musica.com/letras.asp?letra=1058022,1950
Quinto patio,Luis Arcaraz,Luis Arcaraz,https://www.letras.com/javier-solis/1132020/,1950
Soy feliz,Juan Bruno Tarraza,María Victoria,https://www.musixmatch.com/es/letras/Maria-Victoria/Soy-feliz,1950
Ella,José Alfredo Jimenez,"Miguel Aceves Mejia
Pedro Infante",https://www.letras.com/jimenez-jose-alfredo/19941/,1950
El fronterizo,Los Cuates Castilla,Pedro Infante,https://www.cancioneros.com/letras/cancion/666868/el-fronterizo-pedro-infante,1951
Ella,José Alfredo Jimenez,"Miguel Aceves Mejia
Pedro Infante",https://www.letras.com/jimenez-jose-alfredo/19941/,1951
Usted,Gabriel Ruiz & José Antonio Zorrilla	,Los Tres Diamantes,https://www.letras.com/los-tres-diamantes/usted/,1951
Cuando el destino,José Alfredo Jiménez,"Miguel Aceves Mejia
Pedro Infante",https://www.letras.com/jimenez-jose-alfredo/343521/,1951
Carta a Eufemia,Rubén Fuentes & Rubén Méndez	,Pedro Infante,https://www.letras.com/pedro-infante/910647/,1951
Carta a Eufemia,Rubén Fuentes & Rubén Méndez,Pedro Infante,https://www.letras.com/pedro-infante/910647/,1952
"Amor, qué malo eres",Luis Marquetti,"Lucho Gatica
Los Tres Diamantes
Pedro Vargas",https://www.letras.com/la-sonora-santanera/amor-que-malo-eres/,1952
El plebeyo,Felipe Pinglo Alva,"Fernando Fernández
Pedro Infante",https://www.letras.com/pedro-infante/el-plebeyo/,1952
Nube gris,Eduardo Márquez Talledo,Pedro Infante,https://www.letras.com/pedro-infante/1137291/,1952
Peso sobre peso,Chava Flores,Pedro Infante,https://www.letras.com/pedro-infante/919129/,1952
Pénjamo,Rubén Méndez,Pedro Infante,https://www.letras.com/la-hija-del-mariachi/1535368/,1952
Tu recuerdo y yo,José Alfredo Jiménez,"Miguel Aceves Mejia
Pedro Infante",https://www.letras.com/pedro-infante/1910282/,1952
Tu recuerdo y yo,José Alfredo Jiménez,"Miguel Aceves Mejia
Pedro Infante",https://www.letras.com/pedro-infante/1910282/,1953
Piel canela,Bobby Capó,"Bobby Capó
Lucho Gatica
Pedro Vargas",https://www.letras.com/trio-los-panchos/1153972/,1953
El jinete,José Alfredo Jiménez,Jorge Negrete,https://www.letras.com/jorge-negrete/el-jinete/,1953
Anna (El Negro Zumbón),R. Vatro,Dámaso Pérez Prado,https://www.letras.com/martini-pink/524262/,1953
Candilejas,Charles Chaplin,Los Tecolines,https://www.letras.com/julio-iglesias/570848/,1953
Vaya con Dios,"Larry Russell, Inez James & Buddy Pepper","Pedro Infante
Nat King Cole",https://www.cancioneros.com/letras/cancion/1779276/vaya-con-dios-pedro-infante,1953
Ruega por nosotros,Alberto Cervantes & Rubén Fuentes,"Miguel Aceves Mejia
Pedro Infante
Lucho Gatica",https://www.letras.com/miguel-aceves-mejia/1216047/,1953
Ruega por nosotros,Alberto Cervantes & Rubén Fuentes,"Miguel Aceves Mejia
Pedro Infante
Lucho Gatica",https://www.letras.com/miguel-aceves-mejia/1216047/,1954
Cien años,Alberto Cervantes & Rubén Fuentes,"Pedro Infante
Hermanos Martinez",https://www.letras.com/pedro-infante/421497/,1954
Contigo en la distancia,César Portillo de la Luz,"Lucho Gatica
Pedro Infante
",https://www.letras.com/luis-miguel/26129/,1954
Tres días,Tomás Méndez,Lola Beltrán,https://www.letras.com/lola-beltran/855256/,1954
Espinita,Nico Jiménez,"Ana María Gonzáles
Virginia López
Trío los Panchos",https://www.letras.com/trio-los-panchos/925001/,1954
Mil besos,Ema Elena Valdelamar,María Victoria,https://www.musixmatch.com/es/letras/Maria-Victoria/Mil-besos,1955
"Dime de quién es tu 
corazón",José de Jesús Morales,Los Cuatro Soles,https://www.musixmatch.com/es/letras/Maria-Victoria/Mil-besos,1955
Mi último fracaso,Alfredo Gil,Trío los Panchos,https://www.letras.com/pedro-infante/mi-ultimo-fracaso/,1955
Un mundo raro,José Alfredo Jiménez,"Pedro Infante
",https://www.letras.com/pedro-infante/un-mundo-raro/,1955
Rogaciano,Valeriano Trejo,Miguel Aceves Mejía,https://www.letras.com/miguel-aceves-mejia/1238969/,1955
La enramada,Graciela Olmos,Los Tres Ases,https://www.letras.com/trio-los-panchos/872308/,1955
Historia de un amor,Carlos Almarán	,"Libertad Lamarque
Los Tres Ases",https://www.letras.com/trio-los-panchos/254131/,1955
Historia de un amor,Carlos Almarán,"Libertad Lamarque
Los Tres Ases",https://www.letras.com/trio-los-panchos/254131/,1956
No me platiques más,Vicente Garrido,Lucho Gatica,https://www.letras.com/luis-miguel/68396/,1956
"Grítenme, piedras del campo",Cuco Sánchez,Miguel Aceves Mejía / Amalia Mendoza / Rosita Quintana,https://www.letras.com/miguel-aceves-mejia/1239000/,1956
Estoy perdido,Víctor Manuel Mato,Los Tres Ases,https://www.letras.com/3-ases/estoy-perdido/,1956
Pobre gente de París,Marguerite Monnot,Les Baxter / Édith Piaf / Los Tres Diamantes,https://www.musixmatch.com/pt-br/letras/Los-Tres-Diamantes/Pobre-Gente-de-Paris,1956
Que seas feliz,Consuelo Velázquez,Los Tres Ases,https://www.letras.com/luis-miguel/108656/,1956
Amor mío,Álvaro Carrillo,Lucho Gatica / Los Tres Diamantes,https://acordes.lacuerda.net/tres_diamantes/amor_mio,1956
La cama de piedra,Cuco Sánchez,Cuco Sánchez,https://www.letras.com/miguel-aceves-mejia/1239131/,1957
El reloj,Roberto Cantoral,Los Tres Caballeros,https://www.letras.com/luis-miguel/108669/,1957
La barca,Roberto Cantoral,Los Tres Caballeros,https://www.letras.com/luis-miguel/26099/,1957
Espérame en el cielo,Paquito López,Lucho Gatica / Pedro Vargas / Trío Los Panchos,https://www.letras.com/lucho-gatica/689615/,1957
Tú me acostumbraste,Frank Domínguez,Olga Guillot,https://www.letras.com/luis-miguel/26161/,1957
"Ay, cosita linda","Francisco ""Pacho"" Galán",Pacho Galán y su Orquesta / Sonora Matancera con Carlos Argentino,https://www.letras.com/nat-king-cole/558066/,1957
Te me olvidas,Vicente Garrido,Los Tres Caballeros,https://www.letras.com/los-3-caballeros/te-me-olvidas/,1957
Cariñito azucarado,Enrique Cerón,Virginia López,https://www.letras.com/angelica-vale/923652/,1957
Échame a mí la culpa,José Ángel Espinoza,Amalia Mendoza / Javier Solís,https://www.letras.com/luis-miguel/108648/,1957
Sabrás que te quiero,Teddy Fregoso,Los Tres Ases / Raúl Shaw Moreno / Javier Solís,https://www.letras.com/javier-solis/1845695/,1958
Cuando tú me quieras,Mario Barrios & Raúl Shaw Moreno,Los Tres Ases / Raúl Shaw Moreno / Javier Solís,https://www.letras.com/javier-solis/cuando-tu-me-quieras/,1958
Fascinación,Fermo Dante Marchett,Tito Guízar / Trío Hermanos Michel / Sara Montiel / Los Cuatro Hermanos Silva,https://www.letras.com/javier-solis/cuando-tu-me-quieras/,1958
Regálame esta noche,Roberto Cantoral,Los Tres Caballeros,https://www.letras.com/javier-solis/1096638/,1958
Corazón de melón,Carlos Rigual,Los Hermanos Rigual,https://www.letras.com/trini-lopez/corazon-de-melon/,1958
"Nel blu, dipinto di blu",Franco Migliacci & Domenico Modugno,Domenico Modugno,https://www.letras.com/domenico-modugno/713595/,1958
Gema,Güicho Cisneros,Los Dandys,https://www.letras.com/los-dandys/894306/,1959
Nuestro juramento,Benito de Jesús,Julio Jaramillo,https://www.letras.com/julio-jaramillo/910179/,1959
Lágrimas del alma,Bonny Villaseñor,Miguel Aceves Mejía / Lucho Gatica / Flor Silvestre / Javier Solís,https://www.vagalume.com.br/javier-solis/lagrimas-del-alma.html,1959
Nuestro juramento,Benito de Jesús,Julio Jaramillo,https://www.letras.com/julio-jaramillo/910179/,1959
Bala perdida,Tomás Méndez,Lola Beltrán,https://www.musixmatch.com/es/letras/Lola-Beltr%C3%A1n/Bala-perdida,1959
La margarita,Mariano Mercerón,Mariano Mercerón y su Orquesta,https://www.musixmatch.com/es/letras/Maria-Victoria/Mil-besos,1959
Asómate a mi alma,Fernando Valadés,Los Tecolines / Los Tres Reyes / Virginia López / Elvira Quintana / Trío Los Astros,https://acordes.lacuerda.net/tecolines/asomate_a_mi_alma,1959
Jacaranda,Enrique Fabregat & Mario Molina Montes,Los Tres Ases / Trío Los Santos,https://www.cancioneros.com/letras/cancion/1879374/jacaranda-los-tres-ases,1959
Me extraña,Luis Martínez Serrano,Los Tres Caballeros,https://www.musixmatch.com/pt-br/letras/Los-Tres-Caballeros/Me-Extra%C3%B1a,1959
Un telegrama,Alfredo & Gregorio García Segura	,Monna Bell,https://www.letras.com/sergio-vega/1394013/,1959
Qué bonito amor,José Alfredo Jiménez,Miguel Aceves Mejía / Elvira Ríos / Flor Silvestre / Javier Solís,https://www.letras.com/javier-solis/1096636/,1959
Ya la pagarás,Mario de Jesús,Virginia López,https://www.letras.com/lucia-mendez/745711/,1960
Limosnero de amor,Alberto Videz,Alberto Beltrán / Javier Solís,https://www.musixmatch.com/es/letras/Javier-Sol%C3%ADs/Limosnero-de-amor,1960
Sabor a mí,Álvaro Carrillo,Rolando Laserie / Los Tres Ases,https://www.letras.com/luis-miguel/108663/,1960
Canción de Orfeo,Luis Bonfá,Los Tres Diamantes,https://lyricstranslate.com/es/los-tres-diamantes-cancion-de-orfeo-lyrics.html,1960
La boa,Félix Reina & Carlos Lico,Sonora Santanera,https://www.letras.com/la-sonora-santanera/848062/,1960
"Ayúdame, Dios mío",Mario de Jesús,María Elena Sandoval,https://www.letras.com/javier-solis/942968/,1960
Bésame y olvídame,Beatriz Jiménez,Javier Solís,https://www.letras.com/javier-solis/1096623/,1960
Adiós,Alfredo Carrasco,Los Tecolines,https://www.letras.com/los-tecolines/adios/,1960
La plaga,John Marascalco & Robert Blackwell,Los Teen Tops,https://www.cancioneros.com/letras/cancion/2048250/la-plaga-los-teen-tops,1960
Saca la botella,Jorge Sareli,Sonora Santanera,https://www.cancioneros.com/letras/cancion/2130100/saca-la-botella-la-sonora-santanera,1960
Mi pueblo,aaaaaaaaaaaaaaaaaaa,César Costa,https://www.letras.com/cesar-costa/841681/,1961
Chica alborotada,,Los Locos del Ritmo,https://www.letras.com/los-locos-del-ritmo/discografia/chica-alborotada-1962/,1961
Creí,,Juan Mendoza,https://www.musixmatch.com/es/letras/Juan-Mendoza/Cre%C3%AD,1961
Suspenso infernal,,Los Dandys,https://www.musica.com/letras.asp?letra=1429546,1961
Más allá,,Los Tres Diamantes,https://www.musixmatch.com/es/letras/Los-Tres-Ases/M%C3%A1s-All%C3%A1,1961
"¡Ay, mexicanita!",,Julio Jaramillo,https://www.letras.com/julio-jaramillo/ay-mexicanita/,1961
Y...,,Javier Solís,https://www.letras.com/javier-solis/1132010/,1961
Escándalo,,Marco Antonio Muñiz,https://www.musica.com/letras.asp?letra=1451721,1961
Presumida,,Los Teen Tops,https://www.letras.com/los-teen-tops/1987459/,1961
Escándalo,,Marco Antonio Muñiz/Javier Solís/Juan Mendoza,https://www.musica.com/letras.asp?letra=1451721,1961
Agujetas de color de rosa,,Los Hooligans,https://www.letras.com/hooligans/agujetas-de-color-de-rosa-pink-shoe-laces/,1961
Escándalo,,Marco Antonio Muñiz/Javier Solís,https://www.musica.com/letras.asp?letra=1451721,1961
Agujetas de color de rosa,,Los Hooligans,https://www.letras.com/hooligans/agujetas-de-color-de-rosa-pink-shoe-laces/,1961
Escándalo,,Marco Antonio Muñiz/Javier Solís,https://www.musica.com/letras.asp?letra=1451721,1961
Agujetas de color de rosa,,Los Hooligans,https://www.letras.com/hooligans/agujetas-de-color-de-rosa-pink-shoe-laces/,1961
Popotitos,,Los Teen Tops,https://www.letras.com/los-teen-tops/1987463/,1961
Popotitos,,Los Teen Tops,https://www.letras.com/los-teen-tops/1987463/,1962
El loco,,Javier Solís,https://www.letras.com/javier-solis/1132024/,1962
El gran Tomás,,Mayté Gaos,https://www.musixmatch.com/es/letras/Mayte-Gaos/El-Gran-Tomas,1962
El gran Tomás,,Mayté Gaos,https://www.musixmatch.com/es/letras/Mayte-Gaos/El-Gran-Tomas,1962
Triángulo,,Los Tres Reyes,https://www.letras.com/los-tres-reyes/1620483/,1962
El gran Tomás,,Mayté Gaos,https://www.musixmatch.com/es/letras/Mayte-Gaos/El-Gran-Tomas,1962
Triángulo,,Los Tres Reyes,https://www.letras.com/los-tres-reyes/1620483/,1962
"Ven, que te quiero",,Los Impala,https://www.albumcancionyletra.com/ven-que-te-quiero_de_los-impala___261466.aspx,1962
El nido,,Sonora Santanera,https://www.letras.com/la-sonora-santanera/el-nido/,1962
Que se mueran de envidia,,Javier Solís,https://www.letras.com/javier-solis/943880/,1962
El nido,,Sonora Santanera,https://www.letras.com/la-sonora-santanera/el-nido/,1962
Que se mueran de envidia,,Javier Solís,https://www.letras.com/javier-solis/943880/,1962
Muchacha bonita,,"Miguel Aceves Mejía & Marco Antonio Muñiz
/ José Alfredo Jiménez",https://www.letras.com/miguel-aceves-mejia/1387739/,1962
El nido,,Sonora Santanera,https://www.letras.com/la-sonora-santanera/el-nido/,1962
Muchacha bonita,,"Miguel Aceves Mejía & Marco Antonio Muñiz, José Alfredo Jiménez",https://www.letras.com/miguel-aceves-mejia/1387739/,1962
El ladrón,,Sonora Santanera,https://www.letras.com/la-sonora-santanera/el-ladron/,1962
El ladrón,,Sonora Santanera,https://www.letras.com/la-sonora-santanera/el-ladron/,1963
Al di là,,Emilio Pericoli,https://www.musixmatch.com/es/letras/Maria-Victoria/Mil-besos,1963
Llegó borracho el borracho,,José Alfredo Jiménez,https://www.letras.com/jimenez-jose-alfredo/llego-borracho-el-borracho/,1963
De mil maneras,,Sonora Santanera,https://www.letras.com/la-sonora-santanera/de-mil-maneras/,1963
Enemigos,,Sonia López,https://www.musixmatch.com/es/letras/Sonia-L%C3%B3pez/Enemigos,1963
Let's Get Together,,Hayley Mills,https://www.musixmatch.com/es/letras/Maria-Victoria/Mil-besos,1963
Despeinada,,Los Hooligans / Manolo Muñoz,https://www.musica.com/letras.asp?letra=1391212,1963
Entrega total,,Javier Solís,https://www.letras.com/javier-solis/837313/,1963
Magia blanca,,Los Hermanos Carrión,https://www.letras.com/hermanos-carrion/magia-blanca/,1963
El lechero,,Las Guerrilleras de la Frontera / Los Hermanos Záizar,https://www.musixmatch.com/es/letras/Hermanos-Zaizar/El-Lechero,1963
Parabá Papá,,Rocío Dúrcal,https://www.musica.com/letras.asp?letra=1226869,1964
Magia blanca,,Los Hermanos Carrión,https://www.letras.com/hermanos-carrion/magia-blanca/,1964
"If I Had a Hammer""",,Trini López,https://www.musixmatch.com/es/letras/Maria-Victoria/Mil-besos,1964
Dominique,,Las Hermanas Alegrìa/Los Dominic's/Angélica María/Sor Sonrisa,https://www.letras.com/giane/223549/,1964
Entrega total,,Javier Solís,https://www.letras.com/javier-solis/837313/,1964
Las cerezas,,Los Hermanos Carrión,https://www.musica.com/letras.asp?letra=1445831,1964
Entrega total,,Javier Solís,https://www.letras.com/javier-solis/837313/,1964
Tijuana,,The Persuaders,https://www.letras.com/the-growlers/tijuana/,1964
"¡Cómo te extraño, mi amor!",,Leo Dan,https://www.letras.com/leo-dan/1131860/,1964
La pollera colorá,,Carmen Rivero y su Conjunto,https://www.letras.com/margarita/la-pollera-colora/,1964
La pollera colorá,,Carmen Rivero y su Conjunto,https://www.letras.com/margarita/la-pollera-colora/,1965
La pollera colorá,,Carmen Rivero y su Conjunto,https://www.letras.com/margarita/la-pollera-colora/,1965
Cuando calienta el sol,,Trini López,https://www.letras.com/luis-miguel/109120/,1965
El mudo,,Sonora Santanera,https://www.letras.com/la-sonora-santanera/el-mudo/,1965
Sombras,,Javier Solís,https://www.letras.com/javier-solis/943882/,1965
Payaso,,Javier Solís,https://www.letras.com/javier-solis/944008/,1965
"Qué va!""/""(Se te olvida) La mentira",,Javier Solís,https://www.letras.com/luis-miguel/97793/,1965
Es Lupe,,Los Johnny Jets,https://www.musixmatch.com/es/letras/Los-Johnny-Jets/Es-Lupe,1965
Es Lupe,,Los Johnny Jets,https://www.musixmatch.com/es/letras/Los-Johnny-Jets/Es-Lupe,1966
Por las calles de México,,Sonora Santanera,https://www.letras.com/la-sonora-santanera/por-las-calles-de-mexico/,1966
Es Lupe,,Los Johnny Jets,https://www.musixmatch.com/es/letras/Los-Johnny-Jets/Es-Lupe,1966
Mazatlán,,Mike Laure,https://www.musica.com/letras.asp?letra=1629150,1966
Es Lupe,,Los Johnny Jets,https://www.musixmatch.com/es/letras/Los-Johnny-Jets/Es-Lupe,1966
La banda borracha,,Mike Laure,https://www.letras.com/valentin-elizalde/499814/,1966
La banda borracha,,Mike Laure,https://www.letras.com/valentin-elizalde/499814/,1966
Una limosna,,Javier Solís,https://www.letras.com/javier-solis/1132022/,1966
Amigo organillero,,Javier Solís,https://www.letras.com/javier-solis/1096621/,1966
El despertar,,Marco Antonio Muñiz,https://www.musica.com/letras.asp?letra=1623043,1966
Mi razón,,Sonora Santanera,https://www.letras.com/la-sonora-santanera/848064/,1966
La banda borracha,,Mike Laure,https://www.letras.com/valentin-elizalde/499814/,1966
Mi razón,,Sonora Santanera,https://www.letras.com/la-sonora-santanera/848064/,1966
Brasilia,,Tony Mottola,https://www.musixmatch.com/es/letras/Maria-Victoria/Mil-besos,1966
Fuiste a Acapulco,,Los Apson,https://www.letras.com/los-apson/fuiste-a-acapulco/,1966
Brasilia,,Tony Mottola,https://www.musixmatch.com/es/letras/Maria-Victoria/Mil-besos,1966
El botones,,Sonora Santanera,https://www.letras.com/la-sonora-santanera/el-botones/,1966
Fuiste a Acapulco,,Los Apson,https://www.letras.com/los-apson/fuiste-a-acapulco/,1966
Brasilia,,Tony Mottola	,https://www.musixmatch.com/es/letras/Maria-Victoria/Mil-besos,1967
El último beso,,Polo,https://www.letras.com/polo-urias/703783/,1967
Fuiste a Acapulco,,Los Apson,https://www.letras.com/los-apson/fuiste-a-acapulco/,1967
Batijugando,,Sonia López,https://www.musixmatch.com/es/letras/Sonia-L%C3%B3pez/Batijugando,1967
El cable,,Mario y sus Diamantes,https://www.musixmatch.com/es/letras/Maria-Victoria/Mil-besos,1967
Celoso,,Los Panchos / Marco Antonio Muñiz,https://www.letras.com/jose-luis-rodriguez/748335/,1967
Yo soy aquél,,Raphael	,https://www.letras.com/raphael/1711791/,1967
Esta tarde vi llover,,Armando Manzanero,https://www.letras.com/armando-manzanero/689902/,1967
Musita,,Sonora Santanera	,https://www.musixmatch.com/es/letras/Sonora-Santanera-feat-Ballet-Sonora-Santanera/Musita-D%C3%B3nde-Est%C3%A1s-Yolanda-En-Vivo,1967
Quinceañera,,Los Vlamers de Marco Rayo,https://www.musica.com/letras.asp?letra=1384736,1967
Musita,,Sonora Santanera	,https://www.musixmatch.com/es/letras/Sonora-Santanera-feat-Ballet-Sonora-Santanera/Musita-D%C3%B3nde-Est%C3%A1s-Yolanda-En-Vivo,1967
Esta tarde vi llover,,Armando Manzanero	,https://www.letras.com/armando-manzanero/689902/,1967
Esta tarde vi llover,,Armando Manzanero	,https://www.letras.com/armando-manzanero/689902/,1968
"Yo, tú y las rosas",,Los Piccolinos	,https://www.musixmatch.com/es/letras/Los-Piccolinos/Yo-t%C3%BA-y-las-rosas,1968
"Norma, la de Guadalajara",,"Pérez Prado y su Orquesta
",https://www.musixmatch.com/es/letras/Maria-Victoria/Mil-besos,1968
La balada del vagabundo,,Rosa Mary & José Guardiola,https://www.letras.com/andrea-lagunes/1657814/,1968
Hazme una señal,,Roberto Jordán	,https://www.letras.com/roberto-jordan/388227/,1968
Rosas en el mar,,Massiel,https://www.letras.com/aute-luis-eduardo/rosas-en-el-mar/,1968
Mi gran noche,,Raphael,https://www.letras.com/raphael/1713421/,1968
Palabras,,Johnny Dynamo y Los Leos	,https://www.musixmatch.com/es/letras/Johnny-Dynamo/Palabras,1968
Volverás por mí,,Chelo y su Conjunto	,https://www.letras.com/yelsid/volveras-a-mi/,1969
Te deseo amor,,La Rondalla de Saltillo	,https://www.letras.com/la-rondalla-de-saltillo/te-deseo-amor/,1969
Quero me casar contigo,,Roberto Carlos	,https://www.musixmatch.com/es/letras/Maria-Victoria/Mil-besos,1969
Te vi llorando,,Marco Antonio Vázquez	,https://www.musica.com/letras.asp?letra=1628544,1969
La nave del olvido,,José José	,https://www.letras.com/jose-jose/747489/,1970
El triste,,José José,https://www.letras.com/jose-jose/135216/,1970
Y volveré,,Los Ángeles Negros,https://www.letras.com/los-angeles-negros/1101934/,1970
Y volveré,,Los Ángeles Negros,https://www.letras.com/los-angeles-negros/1101934/,1971
Nasty Sex,,La Revolución de Emiliano Zapata	,https://www.musixmatch.com/es/letras/Maria-Victoria/Mil-besos,1971
Mi corazón es un gitano,,Lupita D'Alessio,https://www.letras.com/lupita-dalessio/mi-corazon-es-un-gitano/,1971
Mary es mi amor,,Leo Dan,https://www.letras.com/leo-dan/1004502/,1971
Felicidad,,"Víctor Yturbe ""El Pirulí""",https://www.letras.com/victor-iturbe/1077822/,1971
Mary es mi amor,,Leo Dan	,https://www.letras.com/leo-dan/1004502/,1971
Rosa marchita,,Roberto Jordán	,https://www.letras.com/roberto-jordan/894651/,1971
Porque yo te amo,,Sandro de América	,https://www.letras.com/sandro/656433/,1971
Porque yo te amo,,Sandro de América        ,https://www.letras.com/sandro/656433/,1972
Rosas rojas,,Massimo Ranieri	,https://www.letras.com/massimo-ranieri/rosas-rojas/,1972
No tengo dinero,,Juan Gabriel        ,https://www.letras.com/juan-gabriel/no-tengo-dinero/,1972
Desiderata,,Arturo Benavides	,https://www.letras.com/arturo-benavides/372068/,1972
Corazón de roca,,Los Fresno	,https://www.letras.com/la-rondalla-de-saltillo/corazon-de-roca/,1972
No se ha dado cuenta,,Roberto Jordán	,https://www.letras.com/roberto-jordan/894650/,1972
Verónica,,"Víctor Yturbe ""El Pirulí""	",https://www.letras.com/victor-yturbide-piruli/869257/,1972
¿Por qué?,,Los Baby's	,https://www.musica.com/letras.asp?letra=1221612,1972
Miénteme,,"Víctor Yturbe ""El Pirulí""	",https://www.letras.com/victor-yturbide-piruli/1480107/,1972
Miénteme,,"Víctor Yturbe ""El Pirulí""        ",https://www.letras.com/victor-yturbide-piruli/1480107/,1972
Volverá el amor,,Virginia López	,https://www.musixmatch.com/es/letras/Virginia-Lopez/Volver%C3%A1-el-Amor,1972
Río rebelde,,Julio Iglesias        ,https://www.letras.com/julio-iglesias/473471/,1972
Río rebelde,,Julio Iglesias        ,https://www.letras.com/julio-iglesias/473471/,1973
"Volver, volver",,Vicente Fernández	,https://www.letras.com/vicente-fernandez/754897/,1973
Te voy a enseñar a querer,,Manoella Torres        ,https://www.letras.com/manoella-torres/966739/,1973
Detalles,,Roberto Carlos	,https://www.letras.com/roberto-carlos/77201/,1973
Un sueño,,La Tropa Loca	,https://www.musica.com/letras.asp?letra=965919,1973
Déjenme llorar,,Los Freddy's	,https://www.letras.com/los-freddys/dejenme-llorar/,1973
Engaño,,La Tropa Loca	,https://www.letras.com/la-tropa-loca/engano/,1973
Él,,Los Strwck	,https://www.musica.com/letras.asp?letra=1830545,1973
Dieciséis años,,Julio Iglesias	,https://www.letras.com/julio-iglesias/570857/,1973
Déjenme si estoy llorando,,Los Ángeles Negros	,https://www.letras.com/los-angeles-negros/1101948/,1974
Me gusta estar contigo,,Angélica María	,https://www.letras.com/angelica-vale/me-gusta-estar-contigo/,1974
Espejismo,,Juanello	,https://www.letras.com/juanello/espejismo/,1974
Cómo sufro,,Los Baby's	,https://www.letras.com/gloria-trevi/como-sufro/,1974
Espejismo,,Juanello	,https://www.letras.com/juanello/espejismo/,1974
Amada amante,,Roberto Carlos	,https://www.letras.com/roberto-carlos/amada-amante-espanhol/,1974
Candilejas,,José Augusto	,https://www.letras.com/julio-iglesias/570848/,1974
Mi plegaria,,César	,https://www.musica.com/letras.asp?letra=1698629,1974
Mi plegaria,,César	,https://www.musica.com/letras.asp?letra=1698629,1975
¿Quieres ser mi amante?,,Camilo Sesto	,https://www.letras.com/sesto-camilo/35794/,1975
Te juro que te amo,,Los Terrícolas	,https://www.letras.com/los-temerarios/1098482/,1975
¿Quieres ser mi amante?,,Camilo Sesto	,https://www.letras.com/sesto-camilo/35794/,1975
Luna blanca,,Karina	,https://www.musica.com/letras.asp?letra=2131201,1975
Se me olvidó otra vez,,Juan Gabriel	,https://www.letras.com/juan-gabriel/330549/,1975
Llueve sobre mojado,,Camilo Sesto	,https://www.letras.com/sesto-camilo/409335/,1975
Llorarás,,Los Terrícolas	,https://www.letras.com/los-terricolas/lloraras/,1975
El alacrán,,La Pandilla	,https://www.musica.com/letras.asp?letra=915581,1975
¿Por qué nos dijimos adiós?,,Grupo Yndio ,https://www.letras.com/grupo-indio/1405249/,1975
Una carta,,Los Terrícolas	,https://www.letras.com/los-terricolas/una-carta/,1976
Esclavo y amo,,Los Pasteles Verdes	,https://www.letras.com/pasteles-verdes/863045/,1976
Nomás contigo,,Mario Quintero	,https://www.letras.com/mario-quintero/nomas-contigo/,1976
Jamás,,Camilo Sesto	,https://www.letras.com/sesto-camilo/320463/,1976
Nomás contigo,,Mario Quintero	,https://www.letras.com/mario-quintero/nomas-contigo/,1976
Hoy tengo ganas de ti,,Miguel Gallardo	,https://www.letras.com/miguel-gallardo/1194181/,1976
Luto en el alma,,Los Terrícolas	,https://www.letras.com/los-terricolas/luto-en-mi-alma/,1976
Una lágrima y un recuerdo,,Grupo Miramar	,https://www.letras.com/grupo-miramar/una-lagrima-y-un-recuerdo/,1976
Luto en el alma,,Los Terrícolas	,https://www.letras.com/los-terricolas/luto-en-mi-alma/,1976
Llamarada,,Manolo Muñoz	,https://www.letras.com/manolo-muoz/llamarada/,1977
Un día con mamá,,Cepillín        ,https://www.letras.com/cepillin/749173/,1977
Vive,,Napoleón	,https://www.letras.com/jose-maria-napoleon/1894399/,1977
Siempre en mi mente,,Juan Gabriel	,https://www.letras.com/juan-gabriel/330550/,1977
Gavilán o paloma,,José José	,https://www.letras.com/jose-jose/556658/,1977
Hombre,,Napoleón	,https://www.letras.com/jose-maria-napoleon/hombre/,1977
Tarde,,Rocío Dúrcal	,https://www.letras.com/rocio-durcal/544311/,1977
Si tú te vas,,Camilo Sesto        ,https://www.letras.com/sesto-camilo/409693/,1978
Si tú te vas,,Camilo Sesto        ,https://www.letras.com/sesto-camilo/409693/,1978
Amigo,,Roberto Carlos	,https://www.letras.com/roberto-carlos/48633/,1978
Aunque te enamores,,Juan Gabriel	,https://www.letras.com/juan-gabriel/330537/,1978
El negro José,,Los Virtuosos de la Salsa,https://www.letras.com/illapu/751274/,1978
"Lo pasado, pasado",,José José	,https://www.letras.com/jose-jose/discografia/lo-pasado-pasado-1978/,1979
Amigo,,Roberto Carlos	,https://www.letras.com/roberto-carlos/774018/,1979
El amor de mi vida,,Camilo Sesto	,https://www.letras.com/sesto-camilo/399772/,1979
Chiquitita,,ABBA	,https://www.letras.com/abba/chiquitita-spanish-version/,1979
Quererte a ti,,Ángela Carrasco	,https://www.letras.com/angela-carrasco/917266/,1979
Si me dejas ahora,,José José	,https://www.letras.com/jose-jose/135237/,1979
Si me dejas ahora,,José José	,https://www.letras.com/jose-jose/135237/,1980
Que no,,Pedro Marín,https://www.letras.com/pedro-marin/que-no/,1980
He venido a pedirte perdón,,Juan Gabriel	,https://www.letras.com/juan-gabriel/330559/,1980
Como yo te amo,,Raphael	,https://www.letras.com/raphael/1712578/,1980
He venido a pedirte perdón,,Juan Gabriel	,https://www.letras.com/juan-gabriel/330559/,1980
Hey!,,Julio Iglesias,https://www.letras.com/julio-iglesias/205035/,1980
Perdóname,,Camilo Sesto	,https://www.letras.com/sesto-camilo/320464/,1981
Quiero dormir cansado,,Emmanuel	,https://www.letras.com/emmanuel/quiero-dormir-cansado/,1981
Don Diablo,,Miguel Bosé	,https://www.letras.com/bose-miguel/419109/,1981
La ladrona,,Diego Verdaguer	,https://www.letras.com/diego-verdaguer/837102/,1981
Ella se llamaba,,Napoleón	,https://www.letras.com/jose-maria-napoleon/ella-se-llamaba-martha/,1981
Él me mintió,,Amanda Miguel	,https://www.letras.com/amanda-miguel/361082/,1981
Te quiero tanto,,Iván,https://www.letras.com/ivan/te-quiero-tanto/,1981
Él me mintió,,Amanda Miguel	,https://www.letras.com/amanda-miguel/361082/,1981
Fuego,,Menudo	,https://www.letras.com/menudo/331615/,1981
"Amor, no me ignores",,Camilo Sesto	,https://www.letras.com/sesto-camilo/408649/,1981
"Amor, no me ignores",,Camilo Sesto	,https://www.letras.com/sesto-camilo/408649/,1982
Él me mintió,,Amanda Miguel	,https://www.letras.com/amanda-miguel/361082/,1982
Él me mintió,,Amanda Miguel	,https://www.letras.com/amanda-miguel/361082/,1982
1+1=2 enamorados,,Luis Miguel	,https://www.letras.com/luis-miguel/81100/,1982
Maldita primavera,,Yuri	,https://www.letras.com/yuri/487005/,1982
Insensible,,Juan Gabriel	,https://www.letras.com/juan-gabriel/1027339/,1982
Quiero rock,,Menudo	,https://www.letras.com/menudo/25715/,1982
Directo al corazón,,Luis Miguel	,https://www.letras.com/luis-miguel/110087/,1982
Directo al corazón,,Luis Miguel	,https://www.letras.com/luis-miguel/110087/,1983
Claridad,,Menudo	,https://www.letras.com/menudo/331589/,1983
Castillos,,Amanda Miguel	,https://www.letras.com/amanda-miguel/423184/,1983
Tenías que ser tan cruel,,Rocío Dúrcal	,https://www.letras.com/rocio-durcal/544314/,1983
"Yo te amo, te amo",,Yuri	,https://www.letras.com/yuri/486250/,1983
Mentiras,,Daniela Romo	,https://www.letras.com/daniela-romo/mentiras/,1983
Caray,,Juan Gabriel	,https://www.letras.com/juan-gabriel/666681/,1983
Busco un amor,,Lorenzo Antonio,https://www.letras.com/german-montero/1855639/,1983
Celos,,Daniela Romo	,https://www.letras.com/daniela-romo/648184/,1983
Celos,,Daniela Romo	,https://www.letras.com/daniela-romo/648184/,1984
Lo dudo,,José José	,https://www.letras.com/jose-jose/135221/,1984
Celos,,Daniela Romo	,https://www.letras.com/daniela-romo/648184/,1984
"Mi amor, amor",,Lucía Méndez	,https://www.letras.com/lucia-mendez/1906643/,1984
Con las alas rotas,,Prisma        ,https://www.letras.com/prisma-mexico/1911279/,1984
Corazón Encadenado,,Lani Hall & Camilo Sesto	,https://www.letras.com/lani-hall/899260/,1984
Querida,,Juan Gabriel	,https://www.letras.com/juan-gabriel/303030/,1984
Querida,,Juan Gabriel        ,https://www.letras.com/juan-gabriel/303030/,1985
Palabra de honor,,Luis Miguel	,https://www.letras.com/luis-miguel/26116/,1985
Querida,,Juan Gabriel	,https://www.letras.com/juan-gabriel/303030/,1985
Palabra de honor,,Luis Miguel	,https://www.letras.com/luis-miguel/26116/,1985
Corazón de piedra,,Lucía Méndez	,https://www.letras.com/lucia-mendez/698936/,1985
Déjame vivir,,Juan Gabriel & Rocío Dúrcal	,https://www.letras.com/rocio-durcal/544289/,1985
Esta cobardía,,Chiquetete	,https://www.letras.com/chiquetete/1020177/,1985
Esta cobardía,,Chiquetete	,https://www.letras.com/chiquetete/1020177/,1986
Yo te pido amor,,Yuri	,https://www.letras.com/yuri/486251/,1986
Amor imposible,,Lucía Méndez	,https://www.musica.com/letras.asp?letra=905529,1986
Bazar,,Flans	,https://www.letras.com/flans/704021/,1986
Cuando estemos juntos,,Tatiana & Johnny	,https://www.letras.com/tatiana/757515/,1986
Bazar,,Flans	,https://www.letras.com/flans/704021/,1986
No controles,,Flans	,https://www.letras.com/flans/704030/,1986
Toda la vida,,Franco de Vita	,https://www.letras.com/vita-de-franco/1765709/,1986
Tímido,,Flans	,https://www.letras.com/flans/704033/,1987
De mí enamórate,,Daniela Romo	,https://www.letras.com/daniela-romo/648190/,1987
"Ay, qué pesado",,Mecano	,https://www.letras.com/mecano/261442/,1987
Doce rosas,,Lorenzo Antonio	,https://www.letras.com/lorenzo-antonio/1146854/,1987
Cruz de navajas,,Mecano	,https://www.letras.com/mecano/cruz-de-navajas/,1987
Besos de ceniza,,Timbiriche	,https://www.letras.com/timbiriche/726746/,1987
Ahora te puedes marchar,,Luis Miguel        ,https://www.letras.com/diego-boneta/ahora-te-puedes-marchar/,1987
Ahora te puedes marchar,,Luis Miguel	,https://www.letras.com/diego-boneta/ahora-te-puedes-marchar/,1988
Ay amor,,Ana Gabriel	,https://www.letras.com/ana-gabriel/167411/,1988
Devuélveme a mi chica,,Hombres G	,https://www.letras.com/hombres-g/18338/,1988
Tú y yo somos uno mismo,,Timbiriche	,https://www.letras.com/timbiriche/453924/,1988
Acelerar,,Timbiriche	,https://www.letras.com/timbiriche/453915/,1988
Acelerar,,Timbiriche	,https://www.letras.com/timbiriche/453915/,1989
No voy a mover un dedo,,Bla Bla Bla	,https://www.letras.com/yordano/1234163/,1989
Acelerar,,Timbiriche	,https://www.letras.com/timbiriche/453915/,1989
Orgullosa nena,,Pablito Ruiz	,https://www.letras.com/pablo-ruiz/837838/,1989
La incondicional,,Luis Miguel	,https://www.letras.com/luis-miguel/26125/,1989
Cachetada,,Pablito Ruiz	,https://www.letras.com/pablo-ruiz/797213/,1989
La incondicional,,Luis Miguel	,https://www.letras.com/luis-miguel/26125/,1989
Louis,,Franco De Vita	,https://www.letras.com/vita-de-franco/327993/,1989
Louis,,Franco De Vita	,https://www.letras.com/vita-de-franco/327993/,1990
La chica de humo,,Emmanuel,https://www.letras.com/emmanuel/1820392/,1990
Culpable o no,,Luis Miguel	,https://www.letras.com/luis-miguel/109104/,1990
Para amarnos más,,Mijares	,https://www.letras.com/manuel-mijares/638214/,1990
Cuando llega el amor,,Lucero	,https://www.letras.com/lucero/334534/,1990
Tengo todo excepto a ti,,Luis Miguel	,https://www.letras.com/luis-miguel/82810/,1990
Cuidado con el corazón,,Alejandra Guzmán	,https://www.letras.com/alejandra-guzman/ten-cuidado-con-el-corazon/,1990
Alcanzar una estrella,,Mariana Garza	,https://www.letras.com/mariana-garza/435868/,1990
Bella señora,,Emmanuel	,https://www.letras.com/emmanuel/457010/,1991
¿Quién eres tú?,,Yuri	,https://www.letras.com/yuri/487015/,1991
Hasta que te conocí ,,Juan Gabriel ,https://www.letras.com/juan-gabriel/330541/,1991
Burbujas de amor,,Juan Luis Guerra,https://www.letras.com/juan-luis-guerra/162917/,1991
Bachata rosa,,Juan Luis Guerra,https://www.letras.com/juan-luis-guerra/163391/,1991
Electricidad,,Lucero	,https://www.letras.com/lucero/1477758/,1991
Déjame llorar,,Ricardo Montaner	,https://www.letras.com/ricardo-montaner/26811/,1991
"Vuela, vuela",,Magneto,https://www.letras.com/magneto/401069/,1991
Ya no,,Lucero	,https://www.letras.com/lucero/722289/,1991
Inolvidable,,Luis Miguel	,https://www.letras.com/luis-miguel/97798/,1992
No sé tú,,Luis Miguel,https://www.letras.com/luis-miguel/97788/,1992
Pisando fuerte,,Alejandro Sanz	,https://www.letras.com/alejandro-sanz/35073/,1992
No sé tú,,Luis Miguel,https://www.letras.com/luis-miguel/97788/,1992
No Podrás,,Cristian Castro	,https://www.letras.com/castro-cristian/155205/,1992
Evidencias,,Ana Gabriel	,https://www.letras.com/ana-gabriel/167414/,1992
La puerta del colegio,,Magneto	,https://www.letras.com/magneto/155219/,1992
Evidencias,,Ana Gabriel	,https://www.letras.com/ana-gabriel/167414/,1992
"América, América",,Luis Miguel	,https://www.letras.com/luis-miguel/26138/,1992
"América, América",,Luis Miguel	,https://www.letras.com/luis-miguel/26138/,1993
Cambiando el destino,,Magneto	,https://www.letras.com/magneto/24035/,1993
Veleta,,Lucero	,https://www.letras.com/lucero/722288/,1993
Háblame,,Ilse	,https://www.letras.com/ilse/844799/,1993
Ayer,,Luis Miguel	,https://www.letras.com/luis-miguel/108683/,1993
Nunca voy a olvidarte,,Cristian Castro	,https://www.letras.com/luis-miguel/108683/,1993
Hasta que me olvides,,Luis Miguel	,https://www.letras.com/luis-miguel/26128/,1993
Detrás de mi ventana,,Yuri        ,https://www.letras.com/yuri/486243/,1993
Detrás de mi ventana,,Yuri        ,https://www.letras.com/yuri/486243/,1994
"Nieva, Nieva",,Paulina Rubio,https://www.letras.com/rubio-paulina/112123/,1994
Suave,,Luis Miguel	,https://www.letras.com/luis-miguel/81104/,1994
Sueño por sueño,,Magneto	,https://www.letras.com/magneto/24042/,1994
Te lloré un río,,Maná	,https://www.letras.com/mana/24202/,1994
Te acordarás de mí,,Lucero	,https://www.letras.com/lucero/te-acordaras-de-mi/,1994
Pensar en ti,,Luis Miguel	,https://www.letras.com/luis-miguel/108685/,1994
"Pero, ¿qué necesidad?",,Juan Gabriel	,https://www.letras.com/juan-gabriel/913966/,1994
El día que me quieras,,Luis Miguel	,https://www.letras.com/luis-miguel/84527/,1994
Lentamente,,Juan Gabriel	,https://www.letras.com/juan-gabriel/1347979/,1994
La media vuelta,,"Luis Miguel
",https://www.letras.com/luis-miguel/108678/,1994
Lentamente,,Juan Gabriel	,https://www.letras.com/juan-gabriel/1347979/,1995
Siempre contigo,,Lucero	,https://www.letras.com/juan-gabriel/1226320/,1995
La Media Vuelta,,Luis Miguel	,https://www.letras.com/luis-miguel/108678/,1995
Mi forma de sentir,,Pedro Fernández	,https://www.letras.com/pedro-fernandez/1878222/,1995
Todo y Nada,,Luis Miguel        ,https://www.letras.com/luis-miguel/26114/,1995
Mi forma de sentir,,Pedro Fernández	,https://www.letras.com/pedro-fernandez/1878222/,1995
Malherido,,Magneto,https://www.letras.com/magneto/24037/,1995
Se fue,,Laura Pausini,https://www.letras.com/laura-pausini/30278/,1995
Formas de amor,,Caló	,https://www.letras.com/calo/849178/,1995
Palabras,,Lucero	,https://www.letras.com/lucero/722281/,1995
Dime la verdad,,Marta Sánchez	,https://www.letras.com/marta-sanchez/409886/,1995
Mentira para dos,,Magneto	,https://www.letras.com/magneto/155220/,1995
¿De qué te vale fingir?,,Yuri	,https://www.letras.com/yuri/486241/,1995
"Te Extraño, Te Olvido, Te Amo",,Ricky Martin	,https://www.letras.com/ricky-martin/24674/,1995
Tú y yo,,Thalía        ,https://www.letras.com/thalia/63568/,2002
Si tú quisieras,,Los Temerarios	,https://www.letras.com/los-temerarios/649413/,2002
Una lágrima no basta,,Los Temerarios	,https://www.letras.com/los-temerarios/456659/,2002
No me sé rajar,,Banda el Recodo,https://www.letras.com/banda-el-recodo/496284/,2002
Déjame entrar,,Carlos Vives	,https://www.letras.com/vives-carlos/41961/,2002
Es por ti,,Juanes	,https://www.letras.com/es-por-ti/juanes/,2003
Mariposa traicionera,,Maná	,https://www.letras.com/mana/69073/,2003
No sé vivir sin ti,,Los Temerarios	,https://www.letras.com/los-temerarios/1098495/,2003
Me falta valor,,Pepe Aguilar	,https://www.letras.com/pepe-aguilar/916224/,2003
Yo la amo,,Pepe Aguilar	,https://www.letras.com/pepe-aguilar/543857/,2003
Ríe y llora,,Celia Cruz	,https://www.letras.com/celia-cruz/318104/,2003
Cuidarte el alma,,Chayanne	,https://www.letras.com/chayanne/98661/,2004
Vanidosa,,Cuisillos	,https://www.letras.com/banda-cuisillos/998613/,2004
En los puritos huesos,,La Arrolladora Banda El Limón,https://www.letras.com/la-arrolladora-banda-el-limon/129322/,2004
Mi credo,,K-Paz de la Sierra,https://www.letras.com/k-paz-de-la-sierra/917540/,2005
Gasolina,,Daddy Yankee,https://www.letras.com/daddy-yankee/119501/,2005
Te voy a perder,,Alejandro Fernández	,https://www.letras.com/alejandro-fernandez/1025693/,2007
El eco de tu voz,,Playa Limbo	,https://www.letras.com/playa-limbo/1061929/,2007
Te quiero,,Nigga,https://www.letras.com/nigga/983396/,2007
Intocable,,Aleks Syntek	,https://www.letras.com/aleks-syntek-e-la-gente-normal/1033950/,2007
Dímelo,,Enrique Iglesias	,https://www.letras.com/enrique-iglesias/1056693/,2007
El eco de tu voz,,Playa Limbo	,https://www.letras.com/playa-limbo/1061929/,2007
Te quiero,,Nigga	,https://www.letras.com/nigga/983396/,2007
Me enamora,,Juanes	,https://www.letras.com/juanes/1076674/,2007
Te quiero,,Nigga	,https://www.letras.com/nigga/983396/,2008
Cada Que...,,"Belanova
",https://www.letras.com/belanova/1083319/,2008
"Gotas de Agua Dulce""",,"Juanes
",https://www.letras.com/juanes/1105982/,2008
Cada que...,,"Belanova
",https://www.letras.com/belanova/1083319/,2008
Gotas de agua dulce,,Juanes	,https://www.letras.com/juanes/1105982/,2008
El presente,,Julieta Venegas,https://www.letras.com/venegas-julieta/1238501/,2008
No te quiero nada,,Ha*Ash	,https://www.letras.com/ha-ash-musicas/1293739/,2008
Inolvidable,,Reik	,https://www.letras.com/reik/1297156/,2008
No Me Doy por Vencido,,Luis Fonsi	,https://www.letras.com/luis-fonsi/1319600/,2008
El Último Vals,,La Oreja de Van Gogh	,https://www.letras.com/la-oreja-de-van-gogh-musicas/1302863/,2008
Te presumo,,Banda El Recodo,https://www.letras.com/banda-el-recodo/1407734/,2008
Te presumo,,Banda el Recodo	,https://www.letras.com/banda-el-recodo/1407734/,2009
Que te quería,,La 5ª Estación	,https://www.letras.com/la-quinta-estacion/1417575/,2009
Causa y efecto,,Paulina Rubio	,https://www.letras.com/rubio-paulina/1477065/,2009
Loba,,Shakira	,https://www.letras.com/shakira/1505287/,2009
Me gusta todo de ti,,Banda El Recodo,https://www.letras.com/banda-el-recodo/1555716/,2009
La calabaza,,La Arrolladora Banda El Limón	,https://www.letras.com/la-arrolladora-banda-el-limon/1458482/,2009
Esclavo de sus besos,,David Bisbal	, https://www.letras.com/david-bisbal/1537853/,2009
Estuve,,Alejandro Fernández	,https://www.letras.com/alejandro-fernandez/1598397/,2009
Estuve,,Alejandro Fernández	,https://www.letras.com/alejandro-fernandez/1598397/,2010
Mientes,,Camila,https://www.letras.com/camila/1586794/,2010
Gitana,,Shakira	,https://www.letras.com/shakira/1641252/,2010
Mi princesa,,David Bisbal	,https://www.letras.com/david-bisbal/1572935/,2010
Gitana,,Shakira	,https://www.letras.com/shakira/1641252/,2010
Aléjate de mí,,Camila	,https://www.letras.com/camila/1594904/,2010
Cuando me enamoro,,Enrique Iglesias & Juan Luis Guerra	,https://www.letras.com/enrique-iglesias/1675661/,2010
¿A donde vamos a parar?,,Marco Antonio Solís	,https://www.letras.com/marco-antonio-solis/1973082/,2010
Bésame,,Camila,https://www.letras.com/camila/1635234/,2010
Tú sabes quién,,Alejandro Fernández,https://www.letras.com/alejandro-fernandez/1781040/,2010
Tú sabes quién,,Alejandro Fernández	,https://www.letras.com/alejandro-fernandez/1781040/,2011
Bésame,,Camila	,https://www.letras.com/camila/1635234/,2011
Sale el sol,,Shakira	,https://www.letras.com/shakira/1694632/#album:sale-el-sol-2010,2011
Me río de ti,,Gloria Trevi,https://www.letras.com/gloria-trevi/1813122/,2011
Día de suerte,,Alejandra Guzmán	,https://www.letras.com/alejandra-guzman/1856022/,2011
Entre tus alas,,Camila,https://www.letras.com/camila/1593302/,2011
Nada iguales,,La Adictiva Banda San José de Mesillas	,https://www.letras.com/la-adictiva/nada-iguales/,2011
Golpes en el corazón,,Los Tigres del Norte & Paulina Rubio	,https://www.letras.com/los-tigres-del-norte/507134/,2011
"¿Qué nos pasó?""",,Reyli ft. Yuridia	,https://www.letras.com/reyli-barba/que-nos-paso/,2011
De mí,,Camila	,https://www.letras.com/camila/1635230/,2011
Te dejo en libertad,,Ha*Ash	,https://www.letras.com/ha-ash-musicas/1874990/,2011
De mí,,Camila	,https://www.letras.com/camila/1635230/,2011
¡Basta ya!,,Jenni Rivera ft. Marco Antonio Solís	,https://www.letras.com/jenni-rivera/basta-ya-banda-part-marco-antonio-solis/,2011
La noche,,Gloria Trevi	,https://www.letras.com/gloria-trevi/1854584/,2011
"Mujer de todos, mujer de nadie",,Calibre 50        ,https://www.letras.com/horacio-palencia/mujer-de-todos-mujer-de-nadie/,2012
¡Corre!,,Jesse & Joy,https://www.letras.com/jesse-joy/1971829/,2012
Llamada De Mi Ex,,La Arrolladora Banda El Limón	,https://www.letras.com/la-arrolladora-banda-el-limon/la-llamada-de-mi-ex/,2012
"Mujer de todos, mujer de nadie",,Calibre 50	,https://www.letras.com/horacio-palencia/mujer-de-todos-mujer-de-nadie/,2012
Inténtalo,,3Ball MTY ft. El Bebeto & América Sierra,https://www.letras.com/3ball-mty/intentalo-ft-el-bebeto-america-sierra/,2012
Llamada de mi ex,,La Arrolladora Banda El Limón	,https://www.letras.com/la-arrolladora-banda-el-limon/la-llamada-de-mi-ex/,2012
¿De qué me sirve la vida?,,Camila	,https://www.letras.com/camila/1595479/,2012
10 segundos,,La Adictiva Banda San José de Mesillas	,https://www.letras.com/banda-san-jose-de-mesillas/10-segundos/,2012
La señal,,Juanes	,https://www.letras.com/juanes/la-seal/,2012
La de la Mala Suerte,,Jesse & Joy,https://www.letras.com/jesse-joy/1994861/,2012
Un Hombre Normal,,Espinoza Paz	,https://www.letras.com/espinoza-paz/un-hombre-normal/,2012
No me compares,,Alejandro Sanz	,https://www.letras.com/alejandro-sanz/no-me-compares-2/,2012
Uno más uno,,Andrés Cuervo	,https://www.letras.com/andres-cuervo/uno-uno/,2012
Aguaje activado,,Calibre 50	,https://www.letras.com/calibre-50/aguaje-activado/,2012
Aguaje activado,,Calibre 50	,https://www.letras.com/calibre-50/aguaje-activado/,2012
Volví a Nacer,,Carlos Vives	,https://www.letras.com/vives-carlos/volvi-a-nacer/,2012
Aguaje activado,,Calibre 50	,https://www.letras.com/calibre-50/aguaje-activado/,2012
Te extraño,,Andrés Cuervo	,https://www.letras.com/?q=te%20extra%C3%B1o%20andres,2012
Sin ver atrás,,Banda el Recodo,https://www.letras.com/banda-el-recodo/sin-ver-atras/,2013
Aquí estoy,,Calibre 50	,https://www.letras.com/calibre-50/aqui-estoy/,2013
Con la cara en alto,,Reik	,https://www.letras.com/reik/con-la-cara-en-alto/,2013
Hoy Tengo Ganas de Ti,,Alejandro Fernández ft. Christina Aguilera	,https://www.letras.com/christina-aguilera/hoy-tengo-ganas-de-ti-feat-alejandro-fernandez/,2013
El ruido de tus zapatos,,La Arrolladora Banda El Limón	,https://www.letras.com/la-arrolladora-banda-el-limon/el-ruido-de-tus-zapatos/,2013
El ruido de tus zapatos,,La Arrolladora Banda El Limón	,https://www.letras.com/la-arrolladora-banda-el-limon/el-ruido-de-tus-zapatos/,2013
Propuesta indecente,,Romeo Santos	,https://www.letras.com/romeo-santos/propuesta-indecente/,2013
Ni que estuvieras tan buena,,Calibre 50	,https://www.letras.com/calibre-50/ni-que-estuvieras-tan-buena/,2013
Hermosa experiencia,,Banda MS	,https://www.letras.com/banda-ms/hermosa-experiencia/,2013
Tres semanas,,Marco Antonio Solís	,https://www.letras.com/marco-antonio-solis/tres-semanas/,2013
Darte un beso,,Prince Royce	,https://www.letras.com/prince-royce/darte-un-beso/,2013
Mi peor error,,Alejandra Guzmán	,https://www.letras.com/alejandra-guzman/mi-peor-error/,2013
Mi peor error,,Alejandra Guzmán	,https://www.letras.com/alejandra-guzman/mi-peor-error/,2014
No querías lastimarme,,Gloria Trevi	,https://www.letras.com/gloria-trevi/no-querias-lastimarme/,2014
Mi segunda vida,,La Arrolladora Banda El Limón	,https://www.letras.com/la-arrolladora-banda-el-limon/mi-segunda-vida/,2014
Consecuencia de mis actos,,Banda el Recodo	,https://www.letras.com/banda-el-recodo/consecuencia-de-mis-actos/,2014
Decidiste dejarme,,Camila	,https://www.letras.com/camila/decidiste-dejarme/,2014
Bailando,,Enrique Iglesias ft. Descemer Bueno & Gente de Zona,https://www.letras.com/enrique-iglesias/bailando/,2014
La bala,,Los Tigres del Norte,https://www.letras.com/los-tigres-del-norte/la-bala/,2014
¿Qué tiene de malo?,,Calibre 50 ft. El Komander,https://www.letras.com/calibre-50/paso-a-paso/,2014
Hombre libre,,La Adictiva Banda San José de Mesillas	,https://www.letras.com/la-adictiva/hombre-libre/,2014
"Perdón, perdón",,Ha*Ash	,https://www.letras.com/ha-ash-musicas/perdon-perdon/,2014
Háblame de tí,,Banda MS	,https://www.letras.com/banda-ms/hablame-de-ti/,2014
Contigo,,Calibre 50	,https://www.letras.com/calibre-50/contigo/,2015
¿Qué tal si eres tú?,,Los Tigres del Norte	,https://www.letras.com/los-tigres-del-norte/que-tal-si-eres-tu/,2015
Contigo,,Calibre 50	,https://www.letras.com/calibre-50/contigo/,2015
A lo mejor,,Banda MS	,https://www.letras.com/banda-ms/a-lo-mejor/,2015
Confesión,,La Arrolladora Banda El Limón	,https://www.letras.com/la-arrolladora-banda-el-limon/confesion/,2015
"Después de ti, ¿quién?",,La Adictiva Banda San José de Mesillas	,https://www.letras.com/la-adictiva/despues-de-ti-quien/,2015
Aunque ahora estés con él,,Calibre 50	,https://www.letras.com/calibre-50/aunque-ahora-estes-con-el/,2015
Tan cerquita,,Aleks Syntek ft. Cristian Castro	,https://www.letras.com/aleks-syntek-e-la-gente-normal/tan-cerquita/,2015
Aunque ahora estés con él,,Calibre 50	,https://www.letras.com/calibre-50/aunque-ahora-estes-con-el/,2015
Piénsalo,,Banda MS	,https://www.letras.com/banda-ms/piensalo/,2015
La miel de su saliva,,Banda el Recodo	,https://www.musica.com/letras.asp?letra=2221864,2015
Ginza,,J Balvin	,https://www.letras.com/j-balvin/ginza-2/,2015
Sólo con verte,,Banda MS	,https://www.letras.com/banda-ms/solo-con-verte/,2015
Sólo con verte,,Banda MS	,https://www.letras.com/banda-ms/solo-con-verte/,2016
Ya te perdí la fe,,La Arrolladora Banda El Limón	,https://www.letras.com/la-arrolladora-banda-el-limon/ya-te-perdi-la-fe/,2016
Préstamela a mí,,Calibre 50	,https://www.letras.com/calibre-50/prestamela-a-mi/,2016
Préstamela a mí,,Calibre 50	,https://www.letras.com/calibre-50/prestamela-a-mi/,2016
Sólo con verte,,Banda MS        ,https://www.letras.com/banda-ms/solo-con-verte/,2016
El perdedor,,Maluma	,https://www.letras.com/maluma/el-perdedor/,2016
Picky,,Joey Montana	,https://www.letras.com/joey-montana/picky/,2016
Duele el Corazón,,Enrique Iglesias featuring Wisin	,https://www.letras.com/enrique-iglesias/duele-el-corazon/,2016
Bobo,,J Balvin	,https://www.letras.com/j-balvin/bobo/,2016
La Bicicleta,,Carlos Vives & Shakira        ,https://www.letras.com/vives-carlos/la-bicicleta/,2016
Tengo que colgar,,Banda MS	,https://www.letras.com/banda-ms/tengo-que-colgar/,2016
Amor del bueno,,Calibre 50	,https://www.letras.com/calibre-50/amor-del-bueno/,2016
Shaky Shaky,,Daddy Yankee	,https://www.letras.com/daddy-yankee/shaky-shaky/,2016
Safari,,J Balvin,https://www.letras.com/daddy-yankee/shaky-shaky/,2016
Fuego,,Juanes	,https://www.letras.com/juanes/fuego/,2016
Por enamorarme,,Los Plebes del Rancho	,https://www.letras.com/los-plebes-del-rancho-de-ariel-camacho/por-enamorarme/,2016
Fuego,,Juanes	,https://www.letras.com/juanes/fuego/,2017
Siempre te voy a querer,,Calibre 50	,https://www.letras.com/calibre-50/siempre-te-voy-a-querer/,2017
Siempre te voy a querer,,Calibre 50	,https://www.letras.com/calibre-50/siempre-te-voy-a-querer/,2017
Despacito,,Luis Fonsi ft. Daddy Yankee,https://www.letras.com/luis-fonsi/despacito/,2017
Adiós Amor,,Christian Nodal	,https://www.letras.com/christian-nodal/adios-amor/,2017
Despacito,,Luis Fonsi ft. Daddy Yankee,https://www.letras.com/luis-fonsi/despacito/,2017
Adiós amor,,Christian Nodal	,https://www.letras.com/christian-nodal/adios-amor/,2017
Despacito,,Luis Fonsi ft. Daddy Yankee & Justin Bieber	,https://www.letras.com/luis-fonsi/despacito/,2017
Felices los 4,,Maluma	,https://www.letras.com/maluma/felices-los-4/,2017
Mi gente,,J Balvin ft. Willy William	,https://www.letras.com/j-balvin/mi-gente/,2017
Perro Fiel,,Shakira ft. Nicky Jam	,https://www.letras.com/shakira/perro-fiel/,2017
El color de tus ojos,,Banda MS	,https://www.letras.com/banda-ms/el-color-de-tus-ojos/,2017
Perro fiel,,Shakira ft. Nicky Jam	,https://www.letras.com/shakira/perro-fiel/,2017
Corrido de Juanito,,Calibre 50	,https://www.letras.com/calibre-50/corrido-de-juanito/,2017
Seremos,,El Bebeto	,https://www.letras.com/el-bebeto/seremos/,2017
Corazón,,Maluma ft. Nego do Borel	,https://www.letras.com/maluma/corazon/,2017
Corazón,,Maluma featuring Nego do Borel	,https://www.letras.com/maluma/corazon/,2018
Échame la culpa,,Luis Fonsi featuring Demi Lovato	,https://www.letras.com/luis-fonsi/echame-la-culpa/,2018
El baño,,Enrique Iglesias featuring Bad Bunny	,https://www.letras.com/enrique-iglesias/el-bano/,2018
Antecedentes de culpa,,Alfredo Olivas	,https://www.letras.com/alfredo-olivas/antecedentes-de-culpa/,2018
Me niego,,Reik featuring Ozuna & Wisin	,https://www.letras.com/reik/me-niego-part-wisin-y-ozuna/,2018
El préstamo,,Maluma	,https://www.letras.com/maluma/el-prestamo/,2018
Me niego,,Reik featuring Ozuna & Wisin	,https://www.letras.com/reik/me-niego-part-wisin-y-ozuna/,2018
El préstamo,,Maluma	,https://www.letras.com/maluma/el-prestamo/,2018
Me niego,,Reik featuring Ozuna & Wisin	,https://www.letras.com/reik/me-niego-part-wisin-y-ozuna/,2018
Calidad y cantidad,,La Arrolladora Banda El Limón	,https://www.letras.com/la-arrolladora-banda-el-limon/calidad-y-cantidad/,2018
Te fallé,,Christian Nodal	,https://www.letras.com/christian-nodal/te-falle/,2018
No me acuerdo,,Thalía featuring Natti Natasha	,https://www.letras.com/thalia/no-me-acuerdo-part-natti-natasha/,2018
Clandestino,,Shakira & Maluma	,https://www.letras.com/shakira/clandestino-part-maluma/,2018
Oye mujer,,Raymix featuring. Juanes	,https://www.letras.com/raymix/oye-mujer/,2018
Clandestino,,Shakira & Maluma	,https://www.letras.com/shakira/clandestino-part-maluma/,2018
Amigos con derechos,,Reik & Maluma	,https://www.letras.com/reik/amigos-con-derechos-part-maluma/,2018
Se vuelve loca,,CNCO	,https://www.letras.com/cnco/se-vueve-loca/,2018
El beso,,Mon Laferte	,https://www.letras.com/mon-laferte/el-beso/,2018
Te amaré,,Alex Fernández	,https://www.letras.com/alex-fernandez/te-amare/,2018
No he logrado aprender,,La Arrolladora Banda El Limón	,https://www.musica.com/letras.asp?letra=2374259,2019
Mala mía,,Maluma with Anitta & Becky G	,https://www.letras.com/maluma/mala-mia-remix-part-anitta-y-becky-g/,2019
No he logrado aprender,,La Arrolladora Banda El Limón	,https://www.musica.com/letras.asp?letra=2374259,2019
¿Por qué cambiaste de opinión?,,Calibre 50	,https://www.musica.com/letras.asp?letra=2374259,2019
La plata,,Juanes featuring Lalo Ebratt	,https://www.letras.com/juanes/la-plata-part-lalo-ebratt/,2019
Te confieso,,Camila	,https://www.letras.com/camila/te-confieso/,2019
Reggaeton,,J Balvin	,https://www.letras.com/j-balvin/reggaeton/,2019
Pa' mala yo,,Natti Natasha	,https://www.letras.com/natti-natasha/pa-mala-yo/,2019
HP,,Maluma	,https://www.letras.com/maluma/hp/,2019
Con calma,,Daddy Yankee featuring Snow	,https://www.letras.com/daddy-yankee/con-calma-part-snow/,2019
Duele,,Reik with Wisin & Yandel	,https://www.letras.com/reik/duele-part-wisin-y-yandel/,2019
Con altura,,Rosalía with El Guincho & J Balvin	,https://www.letras.com/rosalia/con-altura-part-j-balvin-y-el-guincho/,2019
11:00 PM,,Maluma	,https://www.letras.com/maluma/11-pm/,2019
Amor a primera vista,,"Belinda, part. Los Ángeles Azules, Lalo Ebratt y Horacio Palencia",https://www.letras.com/belinda/amor-a-primera-vista/,2019
Indeciso,,Reik with J Balvin and Lalo Ebratt	,https://www.letras.com/reik/indeciso-part-j-balvin-y-lalo-ebratt/,2019
China,,"Anuel AA, Daddy Yankee, and Karol G featuring Ozuna and J Balvin	",https://www.letras.com/anuel/china/,2019
No Se Me Quita,,Maluma featuring Ricky Martin	,https://www.letras.com/maluma/no-se-me-quita-part-ricky-martin/},2019
La Canción,,J Balvin and Bad Bunny	,https://www.letras.com/j-balvin/la-cancion-part-bad-bunny/,2019
Bonita,,Juanes with Sebastián Yatra	,https://www.letras.com/juanes/bonita-part-sebastian-yatra/,2019
Tutu,,Camilo with Shakira and Pedro Capó	,https://www.letras.com/camilo-echeverry/tutu-part-pedro-capo/,2019
Caballero,,Alejandro Fernández	,https://www.letras.com/alejandro-fernandez/caballero/,2019
Hasta que salga el sol,,Ozuna	,https://www.letras.com/ozuna/hasta-que-salga-el-sol/,2019
La mejor versión de mí,,Natti Natasha featuring Romeo Santos	,https://www.letras.com/natti-natasha/la-mejor-version-de-mi-remix-part-romeo-santos/,2019
Que Tire Pa Lante,,Daddy Yankee	,https://www.letras.com/daddy-yankee/que-tire-pa-lante/,2019
Caballero,,Alejandro Fernández	,https://www.letras.com/alejandro-fernandez/caballero/,2019
Que Tire Pa Lante,,Daddy Yankee	,https://www.letras.com/daddy-yankee/que-tire-pa-lante/,2020
Escondidos,,La Adictiva	,https://www.letras.com/la-adictiva/escondidos/,2020
Muévelo,,Nicky Jam featuring Daddy Yankee	,https://www.letras.com/nicky-jam/muevelo-part-daddy-yankee/,2020
Me Gusta,,Shakira featuring Anuel AA	,https://www.letras.com/anitta/me-gusta-part-cardi-b-y-myke-towers/,2020
Tequila,,Juanes featuring Christian Nodal	,https://www.letras.com/juanes/tequila-part-christian-nodal/,2020
Te olvidé,,Alejandro Fernández	,https://www.letras.com/alejandro-fernandez/te-olvide/,2020
Fantasía,,Ozuna	,https://www.letras.com/ozuna/fantasia/,2020
Perdiendo la cabeza,,"Carlos Rivera, Becky G and Pedro Capó	",https://www.letras.com/carlos-rivera/perdiendo-la-cabeza-part-becky-g-pedro-capo/,2020
Morado,,J Balvin	,https://www.letras.com/j-balvin/morado/,2020
Definitivamente,,Daddy Yankee featuring Sech	,https://www.letras.com/daddy-yankee/definitivamente-part-sech/,2020
Si me dices que si,,Reik featuring Camilo and Farruko	,https://www.letras.com/reik/si-me-dices-que-si-part-farruko-e-camilo/,2020
Se me olvidó,,Christian Nodal	,https://www.letras.com/christian-nodal/se-me-olvido/,2020
Tu y yo,,Raymix and Paulina Rubio	,https://www.letras.com/raymix/tu-y-yo-part-paulina-rubio/,2020
ADMV,,Maluma,https://www.letras.com/maluma/admv/,2020
Tu y yo,,Raymix featuring Paulina Rubio	,https://www.letras.com/raymix/tu-y-yo-part-paulina-rubio/,2020
Fútbol y Rumba,,Anuel AA featuring Enrique Iglesias	,https://www.letras.com/anuel/futbol-y-rumba-part-enrique-iglesias/,2020
Quiereme mientras se pueda,,Manuel Turizo	,https://www.letras.com/manuel-turizo/mientras-se-pueda/,2020
Caramelo,,Ozuna	,https://www.letras.com/ozuna/caramelo/,2020
Hawái,,Maluma	,https://www.letras.com/maluma/hawai/,2020
Ella dice,,Tini featuring Khea	,https://www.letras.com/martina-stoessel/ella-dice-part-khea/,2020
Que mal te fue,,Natti Natasha	,https://www.letras.com/natti-natasha/que-mal-te-fue/,2020
No bailes sola,,Danna Paola featuring Sebastián Yatra	,https://www.letras.com/danna-paola/no-bailes-sola-part-sebastian-yatra/,2020
Hawái,,Maluma	,https://www.letras.com/maluma/hawai/,2020
Que se sepa nuestro amor,,Mon Laferte featuring Alejandro Fernández        ,https://www.letras.com/mon-laferte/que-se-sepa-nuestro-amor-part-alejandro-fernandez/,2020
Relación (remix),,"Sech featuring Daddy Yankee, Farruko, J Balvin and Rosalía	",https://www.letras.com/sech/relacion-remix-part-daddy-yankee-j-balvin-rosalia-y-farruko/,2020
Del Mar,,Ozuna featuring Doja Cat and Sia	,https://www.letras.com/ozuna/del-mar-part-doja-cat-y-sia/,2020
Hawái,,Maluma featuring The Weeknd	,https://www.letras.com/maluma/hawai/,2020
Dime como quieres,,Christian Nodal featuring Angela Aguilar	,https://www.letras.com/christian-nodal/dime-como-quieres-part-angela-aguilar/,2020
La nota,,Manuel Turizo featuring Myke Towers and Rauw Alejandro	,https://www.letras.com/manuel-turizo/la-nota-part-rauw-alejandro-y-myke-towers/,2020
Dime como quieres,,Christian Nodal featuring Angela Aguilar	,https://www.letras.com/christian-nodal/dime-como-quieres-part-angela-aguilar/,2020
Dime Cómo Quieres,,Christian Nodal featuring Ángela Aguilar	,https://www.letras.com/christian-nodal/dime-como-quieres-part-angela-aguilar/,2021
100 años,,Carlos Rivera featuring Maluma	,https://www.letras.com/carlos-rivera/100-anos-feat-maluma/,2021
Dime Cómo Quieres,,Christian Nodal featuring Ángela Aguilar	,https://www.letras.com/christian-nodal/dime-como-quieres-part-angela-aguilar/,2021
Mi niña,,Wisin featuring Mike Towers	,https://www.letras.com/wisin/mi-nina-remix-part-myke-towers-maluma-y-anitta/,2021
Dime Cómo Quieres,,Christian Nodal featuring Ángela Aguilar	,https://www.letras.com/christian-nodal/dime-como-quieres-part-angela-aguilar/,2021
Tan enamorados,,CNCO	,https://www.letras.com/cnco/tan-enamorados/,2021
De vuelta pa´la vuelta,,Daddy Yankee featuring Marc Anthony	,https://www.letras.com/daddy-yankee/de-vuelta-pa-la-vuelta-part-marc-anthony/,2021